source,target,weight,fraction,rank
PAL_Left,MOs1_Left,423620.4531860352,0.7075678486620458,1
PAL_Left,MOs5_Left,175078.9563293457,0.29243215133795425,2
